ID	Source
ID	>A oboInOwl:source
https://purl.brain-bican.org/ontology/mbao/MBA_1	https://orcid.org/0000-0002-6601-2165
https://purl.brain-bican.org/ontology/mbao/MBA_100	https://orcid.org/0000-0002-6601-2165
https://purl.brain-bican.org/ontology/mbao/MBA_1000	https://orcid.org/0000-0002-6601-2165
https://purl.brain-bican.org/ontology/mbao/MBA_1004	https://orcid.org/0000-0002-6601-2165
https://purl.brain-bican.org/ontology/mbao/MBA_1007	https://orcid.org/0000-0002-6601-2165
https://purl.brain-bican.org/ontology/mbao/MBA_1008	https://orcid.org/0000-0002-6601-2165
https://purl.brain-bican.org/ontology/mbao/MBA_101	https://orcid.org/0000-0002-6601-2165
https://purl.brain-bican.org/ontology/mbao/MBA_1011	https://orcid.org/0000-0002-6601-2165
https://purl.brain-bican.org/ontology/mbao/MBA_1016	https://orcid.org/0000-0002-6601-2165
https://purl.brain-bican.org/ontology/mbao/MBA_1017	https://orcid.org/0000-0002-6601-2165
https://purl.brain-bican.org/ontology/mbao/MBA_1019	https://orcid.org/0000-0002-6601-2165
https://purl.brain-bican.org/ontology/mbao/MBA_102	https://orcid.org/0000-0002-6601-2165
https://purl.brain-bican.org/ontology/mbao/MBA_1020	https://orcid.org/0000-0002-6601-2165
https://purl.brain-bican.org/ontology/mbao/MBA_1022	https://orcid.org/0000-0002-6601-2165
https://purl.brain-bican.org/ontology/mbao/MBA_1025	https://orcid.org/0000-0002-6601-2165
https://purl.brain-bican.org/ontology/mbao/MBA_1028	https://orcid.org/0000-0002-6601-2165
https://purl.brain-bican.org/ontology/mbao/MBA_103	https://orcid.org/0000-0002-6601-2165
https://purl.brain-bican.org/ontology/mbao/MBA_1031	https://orcid.org/0000-0002-6601-2165
https://purl.brain-bican.org/ontology/mbao/MBA_1033	https://orcid.org/0000-0002-6601-2165
https://purl.brain-bican.org/ontology/mbao/MBA_1036	https://orcid.org/0000-0002-6601-2165
https://purl.brain-bican.org/ontology/mbao/MBA_1037	https://orcid.org/0000-0002-6601-2165
https://purl.brain-bican.org/ontology/mbao/MBA_1038	https://orcid.org/0000-0002-6601-2165
https://purl.brain-bican.org/ontology/mbao/MBA_1039	https://orcid.org/0000-0002-6601-2165
https://purl.brain-bican.org/ontology/mbao/MBA_1041	https://orcid.org/0000-0002-6601-2165
https://purl.brain-bican.org/ontology/mbao/MBA_1044	https://orcid.org/0000-0002-6601-2165
https://purl.brain-bican.org/ontology/mbao/MBA_1047	https://orcid.org/0000-0002-6601-2165
https://purl.brain-bican.org/ontology/mbao/MBA_1048	https://orcid.org/0000-0002-6601-2165
https://purl.brain-bican.org/ontology/mbao/MBA_1049	https://orcid.org/0000-0002-6601-2165
https://purl.brain-bican.org/ontology/mbao/MBA_105	https://orcid.org/0000-0002-6601-2165
https://purl.brain-bican.org/ontology/mbao/MBA_1052	https://orcid.org/0000-0002-6601-2165
https://purl.brain-bican.org/ontology/mbao/MBA_1056	https://orcid.org/0000-0002-6601-2165
https://purl.brain-bican.org/ontology/mbao/MBA_106	https://orcid.org/0000-0002-6601-2165
https://purl.brain-bican.org/ontology/mbao/MBA_1061	https://orcid.org/0000-0002-6601-2165
https://purl.brain-bican.org/ontology/mbao/MBA_1062	https://orcid.org/0000-0002-6601-2165
https://purl.brain-bican.org/ontology/mbao/MBA_1063	https://orcid.org/0000-0002-6601-2165
https://purl.brain-bican.org/ontology/mbao/MBA_1064	https://orcid.org/0000-0002-6601-2165
https://purl.brain-bican.org/ontology/mbao/MBA_1065	https://orcid.org/0000-0002-6601-2165
https://purl.brain-bican.org/ontology/mbao/MBA_10671	https://orcid.org/0000-0002-6601-2165
https://purl.brain-bican.org/ontology/mbao/MBA_1070	https://orcid.org/0000-0002-6601-2165
https://purl.brain-bican.org/ontology/mbao/MBA_10702	https://orcid.org/0000-0002-6601-2165
https://purl.brain-bican.org/ontology/mbao/MBA_10703	https://orcid.org/0000-0002-6601-2165
https://purl.brain-bican.org/ontology/mbao/MBA_10704	https://orcid.org/0000-0002-6601-2165
https://purl.brain-bican.org/ontology/mbao/MBA_1071	https://orcid.org/0000-0002-6601-2165
https://purl.brain-bican.org/ontology/mbao/MBA_1072	https://orcid.org/0000-0002-6601-2165
https://purl.brain-bican.org/ontology/mbao/MBA_1073	https://orcid.org/0000-0002-6601-2165
https://purl.brain-bican.org/ontology/mbao/MBA_1079	https://orcid.org/0000-0002-6601-2165
https://purl.brain-bican.org/ontology/mbao/MBA_108	https://orcid.org/0000-0002-6601-2165
https://purl.brain-bican.org/ontology/mbao/MBA_1084	https://orcid.org/0000-0002-6601-2165
https://purl.brain-bican.org/ontology/mbao/MBA_1087	https://orcid.org/0000-0002-6601-2165
https://purl.brain-bican.org/ontology/mbao/MBA_1088	https://orcid.org/0000-0002-6601-2165
https://purl.brain-bican.org/ontology/mbao/MBA_1089	https://orcid.org/0000-0002-6601-2165
https://purl.brain-bican.org/ontology/mbao/MBA_1092	https://orcid.org/0000-0002-6601-2165
https://purl.brain-bican.org/ontology/mbao/MBA_1093	https://orcid.org/0000-0002-6601-2165
https://purl.brain-bican.org/ontology/mbao/MBA_1095	https://orcid.org/0000-0002-6601-2165
https://purl.brain-bican.org/ontology/mbao/MBA_1097	https://orcid.org/0000-0002-6601-2165
https://purl.brain-bican.org/ontology/mbao/MBA_11	https://orcid.org/0000-0002-6601-2165
https://purl.brain-bican.org/ontology/mbao/MBA_1100	https://orcid.org/0000-0002-6601-2165
https://purl.brain-bican.org/ontology/mbao/MBA_1103	https://orcid.org/0000-0002-6601-2165
https://purl.brain-bican.org/ontology/mbao/MBA_1105	https://orcid.org/0000-0002-6601-2165
https://purl.brain-bican.org/ontology/mbao/MBA_1108	https://orcid.org/0000-0002-6601-2165
https://purl.brain-bican.org/ontology/mbao/MBA_1112	https://orcid.org/0000-0002-6601-2165
https://purl.brain-bican.org/ontology/mbao/MBA_1113	https://orcid.org/0000-0002-6601-2165
https://purl.brain-bican.org/ontology/mbao/MBA_1116	https://orcid.org/0000-0002-6601-2165
https://purl.brain-bican.org/ontology/mbao/MBA_1119	https://orcid.org/0000-0002-6601-2165
https://purl.brain-bican.org/ontology/mbao/MBA_1123	https://orcid.org/0000-0002-6601-2165
https://purl.brain-bican.org/ontology/mbao/MBA_1126	https://orcid.org/0000-0002-6601-2165
https://purl.brain-bican.org/ontology/mbao/MBA_1129	https://orcid.org/0000-0002-6601-2165
https://purl.brain-bican.org/ontology/mbao/MBA_1131	https://orcid.org/0000-0002-6601-2165
https://purl.brain-bican.org/ontology/mbao/MBA_114	https://orcid.org/0000-0002-6601-2165
https://purl.brain-bican.org/ontology/mbao/MBA_1143	https://orcid.org/0000-0002-6601-2165
https://purl.brain-bican.org/ontology/mbao/MBA_1144	https://orcid.org/0000-0002-6601-2165
https://purl.brain-bican.org/ontology/mbao/MBA_1145	https://orcid.org/0000-0002-6601-2165
https://purl.brain-bican.org/ontology/mbao/MBA_115	https://orcid.org/0000-0002-6601-2165
https://purl.brain-bican.org/ontology/mbao/MBA_116	https://orcid.org/0000-0002-6601-2165
https://purl.brain-bican.org/ontology/mbao/MBA_117	https://orcid.org/0000-0002-6601-2165
https://purl.brain-bican.org/ontology/mbao/MBA_12	https://orcid.org/0000-0002-6601-2165
https://purl.brain-bican.org/ontology/mbao/MBA_122	https://orcid.org/0000-0002-6601-2165
https://purl.brain-bican.org/ontology/mbao/MBA_124	https://orcid.org/0000-0002-6601-2165
https://purl.brain-bican.org/ontology/mbao/MBA_125	https://orcid.org/0000-0002-6601-2165
https://purl.brain-bican.org/ontology/mbao/MBA_126	https://orcid.org/0000-0002-6601-2165
https://purl.brain-bican.org/ontology/mbao/MBA_127	https://orcid.org/0000-0002-6601-2165
https://purl.brain-bican.org/ontology/mbao/MBA_128	https://orcid.org/0000-0002-6601-2165
https://purl.brain-bican.org/ontology/mbao/MBA_129	https://orcid.org/0000-0002-6601-2165
https://purl.brain-bican.org/ontology/mbao/MBA_131	https://orcid.org/0000-0002-6601-2165
https://purl.brain-bican.org/ontology/mbao/MBA_133	https://orcid.org/0000-0002-6601-2165
https://purl.brain-bican.org/ontology/mbao/MBA_134	https://orcid.org/0000-0002-6601-2165
https://purl.brain-bican.org/ontology/mbao/MBA_135	https://orcid.org/0000-0002-6601-2165
https://purl.brain-bican.org/ontology/mbao/MBA_136	https://orcid.org/0000-0002-6601-2165
https://purl.brain-bican.org/ontology/mbao/MBA_138	https://orcid.org/0000-0002-6601-2165
https://purl.brain-bican.org/ontology/mbao/MBA_14	https://orcid.org/0000-0002-6601-2165
https://purl.brain-bican.org/ontology/mbao/MBA_140	https://orcid.org/0000-0002-6601-2165
https://purl.brain-bican.org/ontology/mbao/MBA_145	https://orcid.org/0000-0002-6601-2165
https://purl.brain-bican.org/ontology/mbao/MBA_146	https://orcid.org/0000-0002-6601-2165
https://purl.brain-bican.org/ontology/mbao/MBA_147	https://orcid.org/0000-0002-6601-2165
https://purl.brain-bican.org/ontology/mbao/MBA_149	https://orcid.org/0000-0002-6601-2165
https://purl.brain-bican.org/ontology/mbao/MBA_15	https://orcid.org/0000-0002-6601-2165
https://purl.brain-bican.org/ontology/mbao/MBA_151	https://orcid.org/0000-0002-6601-2165
https://purl.brain-bican.org/ontology/mbao/MBA_153	https://orcid.org/0000-0002-6601-2165
https://purl.brain-bican.org/ontology/mbao/MBA_155	https://orcid.org/0000-0002-6601-2165
https://purl.brain-bican.org/ontology/mbao/MBA_157	https://orcid.org/0000-0002-6601-2165
https://purl.brain-bican.org/ontology/mbao/MBA_158	https://orcid.org/0000-0002-6601-2165
https://purl.brain-bican.org/ontology/mbao/MBA_159	https://orcid.org/0000-0002-6601-2165
https://purl.brain-bican.org/ontology/mbao/MBA_161	https://orcid.org/0000-0002-6601-2165
https://purl.brain-bican.org/ontology/mbao/MBA_162	https://orcid.org/0000-0002-6601-2165
https://purl.brain-bican.org/ontology/mbao/MBA_164	https://orcid.org/0000-0002-6601-2165
https://purl.brain-bican.org/ontology/mbao/MBA_165	https://orcid.org/0000-0002-6601-2165
https://purl.brain-bican.org/ontology/mbao/MBA_169	https://orcid.org/0000-0002-6601-2165
https://purl.brain-bican.org/ontology/mbao/MBA_170	https://orcid.org/0000-0002-6601-2165
https://purl.brain-bican.org/ontology/mbao/MBA_173	https://orcid.org/0000-0002-6601-2165
https://purl.brain-bican.org/ontology/mbao/MBA_174	https://orcid.org/0000-0002-6601-2165
https://purl.brain-bican.org/ontology/mbao/MBA_177	https://orcid.org/0000-0002-6601-2165
https://purl.brain-bican.org/ontology/mbao/MBA_178	https://orcid.org/0000-0002-6601-2165
https://purl.brain-bican.org/ontology/mbao/MBA_181	https://orcid.org/0000-0002-6601-2165
https://purl.brain-bican.org/ontology/mbao/MBA_184	https://orcid.org/0000-0002-6601-2165
https://purl.brain-bican.org/ontology/mbao/MBA_186	https://orcid.org/0000-0002-6601-2165
https://purl.brain-bican.org/ontology/mbao/MBA_188	https://orcid.org/0000-0002-6601-2165
https://purl.brain-bican.org/ontology/mbao/MBA_189	https://orcid.org/0000-0002-6601-2165
https://purl.brain-bican.org/ontology/mbao/MBA_19	https://orcid.org/0000-0002-6601-2165
https://purl.brain-bican.org/ontology/mbao/MBA_194	https://orcid.org/0000-0002-6601-2165
https://purl.brain-bican.org/ontology/mbao/MBA_196	https://orcid.org/0000-0002-6601-2165
https://purl.brain-bican.org/ontology/mbao/MBA_197	https://orcid.org/0000-0002-6601-2165
https://purl.brain-bican.org/ontology/mbao/MBA_198	https://orcid.org/0000-0002-6601-2165
https://purl.brain-bican.org/ontology/mbao/MBA_201	https://orcid.org/0000-0002-6601-2165
https://purl.brain-bican.org/ontology/mbao/MBA_202	https://orcid.org/0000-0002-6601-2165
https://purl.brain-bican.org/ontology/mbao/MBA_204	https://orcid.org/0000-0002-6601-2165
https://purl.brain-bican.org/ontology/mbao/MBA_206	https://orcid.org/0000-0002-6601-2165
https://purl.brain-bican.org/ontology/mbao/MBA_207	https://orcid.org/0000-0002-6601-2165
https://purl.brain-bican.org/ontology/mbao/MBA_209	https://orcid.org/0000-0002-6601-2165
https://purl.brain-bican.org/ontology/mbao/MBA_210	https://orcid.org/0000-0002-6601-2165
https://purl.brain-bican.org/ontology/mbao/MBA_212	https://orcid.org/0000-0002-6601-2165
https://purl.brain-bican.org/ontology/mbao/MBA_214	https://orcid.org/0000-0002-6601-2165
https://purl.brain-bican.org/ontology/mbao/MBA_217	https://orcid.org/0000-0002-6601-2165
https://purl.brain-bican.org/ontology/mbao/MBA_218	https://orcid.org/0000-0002-6601-2165
https://purl.brain-bican.org/ontology/mbao/MBA_22	https://orcid.org/0000-0002-6601-2165
https://purl.brain-bican.org/ontology/mbao/MBA_220	https://orcid.org/0000-0002-6601-2165
https://purl.brain-bican.org/ontology/mbao/MBA_222	https://orcid.org/0000-0002-6601-2165
https://purl.brain-bican.org/ontology/mbao/MBA_223	https://orcid.org/0000-0002-6601-2165
https://purl.brain-bican.org/ontology/mbao/MBA_225	https://orcid.org/0000-0002-6601-2165
https://purl.brain-bican.org/ontology/mbao/MBA_226	https://orcid.org/0000-0002-6601-2165
https://purl.brain-bican.org/ontology/mbao/MBA_228	https://orcid.org/0000-0002-6601-2165
https://purl.brain-bican.org/ontology/mbao/MBA_229	https://orcid.org/0000-0002-6601-2165
https://purl.brain-bican.org/ontology/mbao/MBA_23	https://orcid.org/0000-0002-6601-2165
https://purl.brain-bican.org/ontology/mbao/MBA_230	https://orcid.org/0000-0002-6601-2165
https://purl.brain-bican.org/ontology/mbao/MBA_231	https://orcid.org/0000-0002-6601-2165
https://purl.brain-bican.org/ontology/mbao/MBA_233	https://orcid.org/0000-0002-6601-2165
https://purl.brain-bican.org/ontology/mbao/MBA_235	https://orcid.org/0000-0002-6601-2165
https://purl.brain-bican.org/ontology/mbao/MBA_236	https://orcid.org/0000-0002-6601-2165
https://purl.brain-bican.org/ontology/mbao/MBA_237	https://orcid.org/0000-0002-6601-2165
https://purl.brain-bican.org/ontology/mbao/MBA_238	https://orcid.org/0000-0002-6601-2165
https://purl.brain-bican.org/ontology/mbao/MBA_239	https://orcid.org/0000-0002-6601-2165
https://purl.brain-bican.org/ontology/mbao/MBA_242	https://orcid.org/0000-0002-6601-2165
https://purl.brain-bican.org/ontology/mbao/MBA_246	https://orcid.org/0000-0002-6601-2165
https://purl.brain-bican.org/ontology/mbao/MBA_247	https://orcid.org/0000-0002-6601-2165
https://purl.brain-bican.org/ontology/mbao/MBA_254	https://orcid.org/0000-0002-6601-2165
https://purl.brain-bican.org/ontology/mbao/MBA_255	https://orcid.org/0000-0002-6601-2165
https://purl.brain-bican.org/ontology/mbao/MBA_257	https://orcid.org/0000-0002-6601-2165
https://purl.brain-bican.org/ontology/mbao/MBA_261	https://orcid.org/0000-0002-6601-2165
https://purl.brain-bican.org/ontology/mbao/MBA_262	https://orcid.org/0000-0002-6601-2165
https://purl.brain-bican.org/ontology/mbao/MBA_263	https://orcid.org/0000-0002-6601-2165
https://purl.brain-bican.org/ontology/mbao/MBA_27	https://orcid.org/0000-0002-6601-2165
https://purl.brain-bican.org/ontology/mbao/MBA_272	https://orcid.org/0000-0002-6601-2165
https://purl.brain-bican.org/ontology/mbao/MBA_275	https://orcid.org/0000-0002-6601-2165
https://purl.brain-bican.org/ontology/mbao/MBA_277	https://orcid.org/0000-0002-6601-2165
https://purl.brain-bican.org/ontology/mbao/MBA_280	https://orcid.org/0000-0002-6601-2165
https://purl.brain-bican.org/ontology/mbao/MBA_286	https://orcid.org/0000-0002-6601-2165
https://purl.brain-bican.org/ontology/mbao/MBA_287	https://orcid.org/0000-0002-6601-2165
https://purl.brain-bican.org/ontology/mbao/MBA_290	https://orcid.org/0000-0002-6601-2165
https://purl.brain-bican.org/ontology/mbao/MBA_292	https://orcid.org/0000-0002-6601-2165
https://purl.brain-bican.org/ontology/mbao/MBA_295	https://orcid.org/0000-0002-6601-2165
https://purl.brain-bican.org/ontology/mbao/MBA_3	https://orcid.org/0000-0002-6601-2165
https://purl.brain-bican.org/ontology/mbao/MBA_301	https://orcid.org/0000-0002-6601-2165
https://purl.brain-bican.org/ontology/mbao/MBA_304325711	https://orcid.org/0000-0002-6601-2165
https://purl.brain-bican.org/ontology/mbao/MBA_31	https://orcid.org/0000-0002-6601-2165
https://purl.brain-bican.org/ontology/mbao/MBA_310	https://orcid.org/0000-0002-6601-2165
https://purl.brain-bican.org/ontology/mbao/MBA_313	https://orcid.org/0000-0002-6601-2165
https://purl.brain-bican.org/ontology/mbao/MBA_315	https://orcid.org/0000-0002-6601-2165
https://purl.brain-bican.org/ontology/mbao/MBA_317	https://orcid.org/0000-0002-6601-2165
https://purl.brain-bican.org/ontology/mbao/MBA_319	https://orcid.org/0000-0002-6601-2165
https://purl.brain-bican.org/ontology/mbao/MBA_322	https://orcid.org/0000-0002-6601-2165
https://purl.brain-bican.org/ontology/mbao/MBA_325	https://orcid.org/0000-0002-6601-2165
https://purl.brain-bican.org/ontology/mbao/MBA_326	https://orcid.org/0000-0002-6601-2165
https://purl.brain-bican.org/ontology/mbao/MBA_329	https://orcid.org/0000-0002-6601-2165
https://purl.brain-bican.org/ontology/mbao/MBA_33	https://orcid.org/0000-0002-6601-2165
https://purl.brain-bican.org/ontology/mbao/MBA_331	https://orcid.org/0000-0002-6601-2165
https://purl.brain-bican.org/ontology/mbao/MBA_333	https://orcid.org/0000-0002-6601-2165
https://purl.brain-bican.org/ontology/mbao/MBA_336	https://orcid.org/0000-0002-6601-2165
https://purl.brain-bican.org/ontology/mbao/MBA_338	https://orcid.org/0000-0002-6601-2165
https://purl.brain-bican.org/ontology/mbao/MBA_341	https://orcid.org/0000-0002-6601-2165
https://purl.brain-bican.org/ontology/mbao/MBA_342	https://orcid.org/0000-0002-6601-2165
https://purl.brain-bican.org/ontology/mbao/MBA_343	https://orcid.org/0000-0002-6601-2165
https://purl.brain-bican.org/ontology/mbao/MBA_347	https://orcid.org/0000-0002-6601-2165
https://purl.brain-bican.org/ontology/mbao/MBA_35	https://orcid.org/0000-0002-6601-2165
https://purl.brain-bican.org/ontology/mbao/MBA_350	https://orcid.org/0000-0002-6601-2165
https://purl.brain-bican.org/ontology/mbao/MBA_351	https://orcid.org/0000-0002-6601-2165
https://purl.brain-bican.org/ontology/mbao/MBA_354	https://orcid.org/0000-0002-6601-2165
https://purl.brain-bican.org/ontology/mbao/MBA_357	https://orcid.org/0000-0002-6601-2165
https://purl.brain-bican.org/ontology/mbao/MBA_359	https://orcid.org/0000-0002-6601-2165
https://purl.brain-bican.org/ontology/mbao/MBA_362	https://orcid.org/0000-0002-6601-2165
https://purl.brain-bican.org/ontology/mbao/MBA_365	https://orcid.org/0000-0002-6601-2165
https://purl.brain-bican.org/ontology/mbao/MBA_366	https://orcid.org/0000-0002-6601-2165
https://purl.brain-bican.org/ontology/mbao/MBA_367	https://orcid.org/0000-0002-6601-2165
https://purl.brain-bican.org/ontology/mbao/MBA_374	https://orcid.org/0000-0002-6601-2165
https://purl.brain-bican.org/ontology/mbao/MBA_375	https://orcid.org/0000-0002-6601-2165
https://purl.brain-bican.org/ontology/mbao/MBA_378	https://orcid.org/0000-0002-6601-2165
https://purl.brain-bican.org/ontology/mbao/MBA_38	https://orcid.org/0000-0002-6601-2165
https://purl.brain-bican.org/ontology/mbao/MBA_380	https://orcid.org/0000-0002-6601-2165
https://purl.brain-bican.org/ontology/mbao/MBA_381	https://orcid.org/0000-0002-6601-2165
https://purl.brain-bican.org/ontology/mbao/MBA_382	https://orcid.org/0000-0002-6601-2165
https://purl.brain-bican.org/ontology/mbao/MBA_384	https://orcid.org/0000-0002-6601-2165
https://purl.brain-bican.org/ontology/mbao/MBA_385	https://orcid.org/0000-0002-6601-2165
https://purl.brain-bican.org/ontology/mbao/MBA_388	https://orcid.org/0000-0002-6601-2165
https://purl.brain-bican.org/ontology/mbao/MBA_390	https://orcid.org/0000-0002-6601-2165
https://purl.brain-bican.org/ontology/mbao/MBA_391	https://orcid.org/0000-0002-6601-2165
https://purl.brain-bican.org/ontology/mbao/MBA_394	https://orcid.org/0000-0002-6601-2165
https://purl.brain-bican.org/ontology/mbao/MBA_395	https://orcid.org/0000-0002-6601-2165
https://purl.brain-bican.org/ontology/mbao/MBA_396	https://orcid.org/0000-0002-6601-2165
https://purl.brain-bican.org/ontology/mbao/MBA_397	https://orcid.org/0000-0002-6601-2165
https://purl.brain-bican.org/ontology/mbao/MBA_398	https://orcid.org/0000-0002-6601-2165
https://purl.brain-bican.org/ontology/mbao/MBA_399	https://orcid.org/0000-0002-6601-2165
https://purl.brain-bican.org/ontology/mbao/MBA_4	https://orcid.org/0000-0002-6601-2165
https://purl.brain-bican.org/ontology/mbao/MBA_402	https://orcid.org/0000-0002-6601-2165
https://purl.brain-bican.org/ontology/mbao/MBA_403	https://orcid.org/0000-0002-6601-2165
https://purl.brain-bican.org/ontology/mbao/MBA_404	https://orcid.org/0000-0002-6601-2165
https://purl.brain-bican.org/ontology/mbao/MBA_406	https://orcid.org/0000-0002-6601-2165
https://purl.brain-bican.org/ontology/mbao/MBA_407	https://orcid.org/0000-0002-6601-2165
https://purl.brain-bican.org/ontology/mbao/MBA_409	https://orcid.org/0000-0002-6601-2165
https://purl.brain-bican.org/ontology/mbao/MBA_413	https://orcid.org/0000-0002-6601-2165
https://purl.brain-bican.org/ontology/mbao/MBA_415	https://orcid.org/0000-0002-6601-2165
https://purl.brain-bican.org/ontology/mbao/MBA_417	https://orcid.org/0000-0002-6601-2165
https://purl.brain-bican.org/ontology/mbao/MBA_423	https://orcid.org/0000-0002-6601-2165
https://purl.brain-bican.org/ontology/mbao/MBA_425	https://orcid.org/0000-0002-6601-2165
https://purl.brain-bican.org/ontology/mbao/MBA_429	https://orcid.org/0000-0002-6601-2165
https://purl.brain-bican.org/ontology/mbao/MBA_43	https://orcid.org/0000-0002-6601-2165
https://purl.brain-bican.org/ontology/mbao/MBA_431	https://orcid.org/0000-0002-6601-2165
https://purl.brain-bican.org/ontology/mbao/MBA_432	https://orcid.org/0000-0002-6601-2165
https://purl.brain-bican.org/ontology/mbao/MBA_436	https://orcid.org/0000-0002-6601-2165
https://purl.brain-bican.org/ontology/mbao/MBA_437	https://orcid.org/0000-0002-6601-2165
https://purl.brain-bican.org/ontology/mbao/MBA_438	https://orcid.org/0000-0002-6601-2165
https://purl.brain-bican.org/ontology/mbao/MBA_439	https://orcid.org/0000-0002-6601-2165
https://purl.brain-bican.org/ontology/mbao/MBA_445	https://orcid.org/0000-0002-6601-2165
https://purl.brain-bican.org/ontology/mbao/MBA_446	https://orcid.org/0000-0002-6601-2165
https://purl.brain-bican.org/ontology/mbao/MBA_447	https://orcid.org/0000-0002-6601-2165
https://purl.brain-bican.org/ontology/mbao/MBA_452	https://orcid.org/0000-0002-6601-2165
https://purl.brain-bican.org/ontology/mbao/MBA_453	https://orcid.org/0000-0002-6601-2165
https://purl.brain-bican.org/ontology/mbao/MBA_454	https://orcid.org/0000-0002-6601-2165
https://purl.brain-bican.org/ontology/mbao/MBA_455	https://orcid.org/0000-0002-6601-2165
https://purl.brain-bican.org/ontology/mbao/MBA_460	https://orcid.org/0000-0002-6601-2165
https://purl.brain-bican.org/ontology/mbao/MBA_462	https://orcid.org/0000-0002-6601-2165
https://purl.brain-bican.org/ontology/mbao/MBA_463	https://orcid.org/0000-0002-6601-2165
https://purl.brain-bican.org/ontology/mbao/MBA_464	https://orcid.org/0000-0002-6601-2165
https://purl.brain-bican.org/ontology/mbao/MBA_466	https://orcid.org/0000-0002-6601-2165
https://purl.brain-bican.org/ontology/mbao/MBA_467	https://orcid.org/0000-0002-6601-2165
https://purl.brain-bican.org/ontology/mbao/MBA_47	https://orcid.org/0000-0002-6601-2165
https://purl.brain-bican.org/ontology/mbao/MBA_470	https://orcid.org/0000-0002-6601-2165
https://purl.brain-bican.org/ontology/mbao/MBA_471	https://orcid.org/0000-0002-6601-2165
https://purl.brain-bican.org/ontology/mbao/MBA_475	https://orcid.org/0000-0002-6601-2165
https://purl.brain-bican.org/ontology/mbao/MBA_477	https://orcid.org/0000-0002-6601-2165
https://purl.brain-bican.org/ontology/mbao/MBA_479	https://orcid.org/0000-0002-6601-2165
https://purl.brain-bican.org/ontology/mbao/MBA_481	https://orcid.org/0000-0002-6601-2165
https://purl.brain-bican.org/ontology/mbao/MBA_482	https://orcid.org/0000-0002-6601-2165
https://purl.brain-bican.org/ontology/mbao/MBA_483	https://orcid.org/0000-0002-6601-2165
https://purl.brain-bican.org/ontology/mbao/MBA_485	https://orcid.org/0000-0002-6601-2165
https://purl.brain-bican.org/ontology/mbao/MBA_486	https://orcid.org/0000-0002-6601-2165
https://purl.brain-bican.org/ontology/mbao/MBA_489	https://orcid.org/0000-0002-6601-2165
https://purl.brain-bican.org/ontology/mbao/MBA_491	https://orcid.org/0000-0002-6601-2165
https://purl.brain-bican.org/ontology/mbao/MBA_493	https://orcid.org/0000-0002-6601-2165
https://purl.brain-bican.org/ontology/mbao/MBA_495	https://orcid.org/0000-0002-6601-2165
https://purl.brain-bican.org/ontology/mbao/MBA_499	https://orcid.org/0000-0002-6601-2165
https://purl.brain-bican.org/ontology/mbao/MBA_501	https://orcid.org/0000-0002-6601-2165
https://purl.brain-bican.org/ontology/mbao/MBA_502	https://orcid.org/0000-0002-6601-2165
https://purl.brain-bican.org/ontology/mbao/MBA_504	https://orcid.org/0000-0002-6601-2165
https://purl.brain-bican.org/ontology/mbao/MBA_506	https://orcid.org/0000-0002-6601-2165
https://purl.brain-bican.org/ontology/mbao/MBA_507	https://orcid.org/0000-0002-6601-2165
https://purl.brain-bican.org/ontology/mbao/MBA_51	https://orcid.org/0000-0002-6601-2165
https://purl.brain-bican.org/ontology/mbao/MBA_512	https://orcid.org/0000-0002-6601-2165
https://purl.brain-bican.org/ontology/mbao/MBA_513	https://orcid.org/0000-0002-6601-2165
https://purl.brain-bican.org/ontology/mbao/MBA_514	https://orcid.org/0000-0002-6601-2165
https://purl.brain-bican.org/ontology/mbao/MBA_515	https://orcid.org/0000-0002-6601-2165
https://purl.brain-bican.org/ontology/mbao/MBA_519	https://orcid.org/0000-0002-6601-2165
https://purl.brain-bican.org/ontology/mbao/MBA_521	https://orcid.org/0000-0002-6601-2165
https://purl.brain-bican.org/ontology/mbao/MBA_523	https://orcid.org/0000-0002-6601-2165
https://purl.brain-bican.org/ontology/mbao/MBA_525	https://orcid.org/0000-0002-6601-2165
https://purl.brain-bican.org/ontology/mbao/MBA_528	https://orcid.org/0000-0002-6601-2165
https://purl.brain-bican.org/ontology/mbao/MBA_533	https://orcid.org/0000-0002-6601-2165
https://purl.brain-bican.org/ontology/mbao/MBA_536	https://orcid.org/0000-0002-6601-2165
https://purl.brain-bican.org/ontology/mbao/MBA_54	https://orcid.org/0000-0002-6601-2165
https://purl.brain-bican.org/ontology/mbao/MBA_547	https://orcid.org/0000-0002-6601-2165
https://purl.brain-bican.org/ontology/mbao/MBA_549	https://orcid.org/0000-0002-6601-2165
https://purl.brain-bican.org/ontology/mbao/MBA_552	https://orcid.org/0000-0002-6601-2165
https://purl.brain-bican.org/ontology/mbao/MBA_553	https://orcid.org/0000-0002-6601-2165
https://purl.brain-bican.org/ontology/mbao/MBA_554	https://orcid.org/0000-0002-6601-2165
https://purl.brain-bican.org/ontology/mbao/MBA_557	https://orcid.org/0000-0002-6601-2165
https://purl.brain-bican.org/ontology/mbao/MBA_56	https://orcid.org/0000-0002-6601-2165
https://purl.brain-bican.org/ontology/mbao/MBA_564	https://orcid.org/0000-0002-6601-2165
https://purl.brain-bican.org/ontology/mbao/MBA_567	https://orcid.org/0000-0002-6601-2165
https://purl.brain-bican.org/ontology/mbao/MBA_568	https://orcid.org/0000-0002-6601-2165
https://purl.brain-bican.org/ontology/mbao/MBA_571	https://orcid.org/0000-0002-6601-2165
https://purl.brain-bican.org/ontology/mbao/MBA_573	https://orcid.org/0000-0002-6601-2165
https://purl.brain-bican.org/ontology/mbao/MBA_574	https://orcid.org/0000-0002-6601-2165
https://purl.brain-bican.org/ontology/mbao/MBA_575	https://orcid.org/0000-0002-6601-2165
https://purl.brain-bican.org/ontology/mbao/MBA_578	https://orcid.org/0000-0002-6601-2165
https://purl.brain-bican.org/ontology/mbao/MBA_579	https://orcid.org/0000-0002-6601-2165
https://purl.brain-bican.org/ontology/mbao/MBA_58	https://orcid.org/0000-0002-6601-2165
https://purl.brain-bican.org/ontology/mbao/MBA_580	https://orcid.org/0000-0002-6601-2165
https://purl.brain-bican.org/ontology/mbao/MBA_581	https://orcid.org/0000-0002-6601-2165
https://purl.brain-bican.org/ontology/mbao/MBA_583	https://orcid.org/0000-0002-6601-2165
https://purl.brain-bican.org/ontology/mbao/MBA_587	https://orcid.org/0000-0002-6601-2165
https://purl.brain-bican.org/ontology/mbao/MBA_589	https://orcid.org/0000-0002-6601-2165
https://purl.brain-bican.org/ontology/mbao/MBA_594	https://orcid.org/0000-0002-6601-2165
https://purl.brain-bican.org/ontology/mbao/MBA_595	https://orcid.org/0000-0002-6601-2165
https://purl.brain-bican.org/ontology/mbao/MBA_596	https://orcid.org/0000-0002-6601-2165
https://purl.brain-bican.org/ontology/mbao/MBA_599	https://orcid.org/0000-0002-6601-2165
https://purl.brain-bican.org/ontology/mbao/MBA_6	https://orcid.org/0000-0002-6601-2165
https://purl.brain-bican.org/ontology/mbao/MBA_603	https://orcid.org/0000-0002-6601-2165
https://purl.brain-bican.org/ontology/mbao/MBA_604	https://orcid.org/0000-0002-6601-2165
https://purl.brain-bican.org/ontology/mbao/MBA_607	https://orcid.org/0000-0002-6601-2165
https://purl.brain-bican.org/ontology/mbao/MBA_611	https://orcid.org/0000-0002-6601-2165
https://purl.brain-bican.org/ontology/mbao/MBA_612	https://orcid.org/0000-0002-6601-2165
https://purl.brain-bican.org/ontology/mbao/MBA_613	https://orcid.org/0000-0002-6601-2165
https://purl.brain-bican.org/ontology/mbao/MBA_614	https://orcid.org/0000-0002-6601-2165
https://purl.brain-bican.org/ontology/mbao/MBA_615	https://orcid.org/0000-0002-6601-2165
https://purl.brain-bican.org/ontology/mbao/MBA_616	https://orcid.org/0000-0002-6601-2165
https://purl.brain-bican.org/ontology/mbao/MBA_617	https://orcid.org/0000-0002-6601-2165
https://purl.brain-bican.org/ontology/mbao/MBA_618	https://orcid.org/0000-0002-6601-2165
https://purl.brain-bican.org/ontology/mbao/MBA_619	https://orcid.org/0000-0002-6601-2165
https://purl.brain-bican.org/ontology/mbao/MBA_62	https://orcid.org/0000-0002-6601-2165
https://purl.brain-bican.org/ontology/mbao/MBA_621	https://orcid.org/0000-0002-6601-2165
https://purl.brain-bican.org/ontology/mbao/MBA_626	https://orcid.org/0000-0002-6601-2165
https://purl.brain-bican.org/ontology/mbao/MBA_628	https://orcid.org/0000-0002-6601-2165
https://purl.brain-bican.org/ontology/mbao/MBA_63	https://orcid.org/0000-0002-6601-2165
https://purl.brain-bican.org/ontology/mbao/MBA_631	https://orcid.org/0000-0002-6601-2165
https://purl.brain-bican.org/ontology/mbao/MBA_632	https://orcid.org/0000-0002-6601-2165
https://purl.brain-bican.org/ontology/mbao/MBA_633	https://orcid.org/0000-0002-6601-2165
https://purl.brain-bican.org/ontology/mbao/MBA_634	https://orcid.org/0000-0002-6601-2165
https://purl.brain-bican.org/ontology/mbao/MBA_636	https://orcid.org/0000-0002-6601-2165
https://purl.brain-bican.org/ontology/mbao/MBA_637	https://orcid.org/0000-0002-6601-2165
https://purl.brain-bican.org/ontology/mbao/MBA_64	https://orcid.org/0000-0002-6601-2165
https://purl.brain-bican.org/ontology/mbao/MBA_641	https://orcid.org/0000-0002-6601-2165
https://purl.brain-bican.org/ontology/mbao/MBA_642	https://orcid.org/0000-0002-6601-2165
https://purl.brain-bican.org/ontology/mbao/MBA_645	https://orcid.org/0000-0002-6601-2165
https://purl.brain-bican.org/ontology/mbao/MBA_650	https://orcid.org/0000-0002-6601-2165
https://purl.brain-bican.org/ontology/mbao/MBA_651	https://orcid.org/0000-0002-6601-2165
https://purl.brain-bican.org/ontology/mbao/MBA_653	https://orcid.org/0000-0002-6601-2165
https://purl.brain-bican.org/ontology/mbao/MBA_658	https://orcid.org/0000-0002-6601-2165
https://purl.brain-bican.org/ontology/mbao/MBA_66	https://orcid.org/0000-0002-6601-2165
https://purl.brain-bican.org/ontology/mbao/MBA_661	https://orcid.org/0000-0002-6601-2165
https://purl.brain-bican.org/ontology/mbao/MBA_665	https://orcid.org/0000-0002-6601-2165
https://purl.brain-bican.org/ontology/mbao/MBA_669	https://orcid.org/0000-0002-6601-2165
https://purl.brain-bican.org/ontology/mbao/MBA_67	https://orcid.org/0000-0002-6601-2165
https://purl.brain-bican.org/ontology/mbao/MBA_672	https://orcid.org/0000-0002-6601-2165
https://purl.brain-bican.org/ontology/mbao/MBA_673	https://orcid.org/0000-0002-6601-2165
https://purl.brain-bican.org/ontology/mbao/MBA_674	https://orcid.org/0000-0002-6601-2165
https://purl.brain-bican.org/ontology/mbao/MBA_679	https://orcid.org/0000-0002-6601-2165
https://purl.brain-bican.org/ontology/mbao/MBA_681	https://orcid.org/0000-0002-6601-2165
https://purl.brain-bican.org/ontology/mbao/MBA_685	https://orcid.org/0000-0002-6601-2165
https://purl.brain-bican.org/ontology/mbao/MBA_688	https://orcid.org/0000-0002-6601-2165
https://purl.brain-bican.org/ontology/mbao/MBA_691	https://orcid.org/0000-0002-6601-2165
https://purl.brain-bican.org/ontology/mbao/MBA_693	https://orcid.org/0000-0002-6601-2165
https://purl.brain-bican.org/ontology/mbao/MBA_695	https://orcid.org/0000-0002-6601-2165
https://purl.brain-bican.org/ontology/mbao/MBA_697	https://orcid.org/0000-0002-6601-2165
https://purl.brain-bican.org/ontology/mbao/MBA_698	https://orcid.org/0000-0002-6601-2165
https://purl.brain-bican.org/ontology/mbao/MBA_7	https://orcid.org/0000-0002-6601-2165
https://purl.brain-bican.org/ontology/mbao/MBA_700	https://orcid.org/0000-0002-6601-2165
https://purl.brain-bican.org/ontology/mbao/MBA_701	https://orcid.org/0000-0002-6601-2165
https://purl.brain-bican.org/ontology/mbao/MBA_703	https://orcid.org/0000-0002-6601-2165
https://purl.brain-bican.org/ontology/mbao/MBA_705	https://orcid.org/0000-0002-6601-2165
https://purl.brain-bican.org/ontology/mbao/MBA_706	https://orcid.org/0000-0002-6601-2165
https://purl.brain-bican.org/ontology/mbao/MBA_708	https://orcid.org/0000-0002-6601-2165
https://purl.brain-bican.org/ontology/mbao/MBA_709	https://orcid.org/0000-0002-6601-2165
https://purl.brain-bican.org/ontology/mbao/MBA_71	https://orcid.org/0000-0002-6601-2165
https://purl.brain-bican.org/ontology/mbao/MBA_710	https://orcid.org/0000-0002-6601-2165
https://purl.brain-bican.org/ontology/mbao/MBA_711	https://orcid.org/0000-0002-6601-2165
https://purl.brain-bican.org/ontology/mbao/MBA_713	https://orcid.org/0000-0002-6601-2165
https://purl.brain-bican.org/ontology/mbao/MBA_716	https://orcid.org/0000-0002-6601-2165
https://purl.brain-bican.org/ontology/mbao/MBA_717	https://orcid.org/0000-0002-6601-2165
https://purl.brain-bican.org/ontology/mbao/MBA_718	https://orcid.org/0000-0002-6601-2165
https://purl.brain-bican.org/ontology/mbao/MBA_720	https://orcid.org/0000-0002-6601-2165
https://purl.brain-bican.org/ontology/mbao/MBA_721	https://orcid.org/0000-0002-6601-2165
https://purl.brain-bican.org/ontology/mbao/MBA_724	https://orcid.org/0000-0002-6601-2165
https://purl.brain-bican.org/ontology/mbao/MBA_726	https://orcid.org/0000-0002-6601-2165
https://purl.brain-bican.org/ontology/mbao/MBA_73	https://orcid.org/0000-0002-6601-2165
https://purl.brain-bican.org/ontology/mbao/MBA_730	https://orcid.org/0000-0002-6601-2165
https://purl.brain-bican.org/ontology/mbao/MBA_732	https://orcid.org/0000-0002-6601-2165
https://purl.brain-bican.org/ontology/mbao/MBA_733	https://orcid.org/0000-0002-6601-2165
https://purl.brain-bican.org/ontology/mbao/MBA_737	https://orcid.org/0000-0002-6601-2165
https://purl.brain-bican.org/ontology/mbao/MBA_74	https://orcid.org/0000-0002-6601-2165
https://purl.brain-bican.org/ontology/mbao/MBA_741	https://orcid.org/0000-0002-6601-2165
https://purl.brain-bican.org/ontology/mbao/MBA_742	https://orcid.org/0000-0002-6601-2165
https://purl.brain-bican.org/ontology/mbao/MBA_744	https://orcid.org/0000-0002-6601-2165
https://purl.brain-bican.org/ontology/mbao/MBA_749	https://orcid.org/0000-0002-6601-2165
https://purl.brain-bican.org/ontology/mbao/MBA_75	https://orcid.org/0000-0002-6601-2165
https://purl.brain-bican.org/ontology/mbao/MBA_752	https://orcid.org/0000-0002-6601-2165
https://purl.brain-bican.org/ontology/mbao/MBA_753	https://orcid.org/0000-0002-6601-2165
https://purl.brain-bican.org/ontology/mbao/MBA_754	https://orcid.org/0000-0002-6601-2165
https://purl.brain-bican.org/ontology/mbao/MBA_757	https://orcid.org/0000-0002-6601-2165
https://purl.brain-bican.org/ontology/mbao/MBA_758	https://orcid.org/0000-0002-6601-2165
https://purl.brain-bican.org/ontology/mbao/MBA_763	https://orcid.org/0000-0002-6601-2165
https://purl.brain-bican.org/ontology/mbao/MBA_771	https://orcid.org/0000-0002-6601-2165
https://purl.brain-bican.org/ontology/mbao/MBA_773	https://orcid.org/0000-0002-6601-2165
https://purl.brain-bican.org/ontology/mbao/MBA_776	https://orcid.org/0000-0002-6601-2165
https://purl.brain-bican.org/ontology/mbao/MBA_778	https://orcid.org/0000-0002-6601-2165
https://purl.brain-bican.org/ontology/mbao/MBA_78	https://orcid.org/0000-0002-6601-2165
https://purl.brain-bican.org/ontology/mbao/MBA_780	https://orcid.org/0000-0002-6601-2165
https://purl.brain-bican.org/ontology/mbao/MBA_784	https://orcid.org/0000-0002-6601-2165
https://purl.brain-bican.org/ontology/mbao/MBA_79	https://orcid.org/0000-0002-6601-2165
https://purl.brain-bican.org/ontology/mbao/MBA_790	https://orcid.org/0000-0002-6601-2165
https://purl.brain-bican.org/ontology/mbao/MBA_794	https://orcid.org/0000-0002-6601-2165
https://purl.brain-bican.org/ontology/mbao/MBA_795	https://orcid.org/0000-0002-6601-2165
https://purl.brain-bican.org/ontology/mbao/MBA_796	https://orcid.org/0000-0002-6601-2165
https://purl.brain-bican.org/ontology/mbao/MBA_797	https://orcid.org/0000-0002-6601-2165
https://purl.brain-bican.org/ontology/mbao/MBA_798	https://orcid.org/0000-0002-6601-2165
https://purl.brain-bican.org/ontology/mbao/MBA_8	https://orcid.org/0000-0002-6601-2165
https://purl.brain-bican.org/ontology/mbao/MBA_802	https://orcid.org/0000-0002-6601-2165
https://purl.brain-bican.org/ontology/mbao/MBA_803	https://orcid.org/0000-0002-6601-2165
https://purl.brain-bican.org/ontology/mbao/MBA_808	https://orcid.org/0000-0002-6601-2165
https://purl.brain-bican.org/ontology/mbao/MBA_81	https://orcid.org/0000-0002-6601-2165
https://purl.brain-bican.org/ontology/mbao/MBA_811	https://orcid.org/0000-0002-6601-2165
https://purl.brain-bican.org/ontology/mbao/MBA_812	https://orcid.org/0000-0002-6601-2165
https://purl.brain-bican.org/ontology/mbao/MBA_813	https://orcid.org/0000-0002-6601-2165
https://purl.brain-bican.org/ontology/mbao/MBA_818	https://orcid.org/0000-0002-6601-2165
https://purl.brain-bican.org/ontology/mbao/MBA_82	https://orcid.org/0000-0002-6601-2165
https://purl.brain-bican.org/ontology/mbao/MBA_820	https://orcid.org/0000-0002-6601-2165
https://purl.brain-bican.org/ontology/mbao/MBA_821	https://orcid.org/0000-0002-6601-2165
https://purl.brain-bican.org/ontology/mbao/MBA_822	https://orcid.org/0000-0002-6601-2165
https://purl.brain-bican.org/ontology/mbao/MBA_823	https://orcid.org/0000-0002-6601-2165
https://purl.brain-bican.org/ontology/mbao/MBA_825	https://orcid.org/0000-0002-6601-2165
https://purl.brain-bican.org/ontology/mbao/MBA_828	https://orcid.org/0000-0002-6601-2165
https://purl.brain-bican.org/ontology/mbao/MBA_83	https://orcid.org/0000-0002-6601-2165
https://purl.brain-bican.org/ontology/mbao/MBA_830	https://orcid.org/0000-0002-6601-2165
https://purl.brain-bican.org/ontology/mbao/MBA_832	https://orcid.org/0000-0002-6601-2165
https://purl.brain-bican.org/ontology/mbao/MBA_833	https://orcid.org/0000-0002-6601-2165
https://purl.brain-bican.org/ontology/mbao/MBA_834	https://orcid.org/0000-0002-6601-2165
https://purl.brain-bican.org/ontology/mbao/MBA_835	https://orcid.org/0000-0002-6601-2165
https://purl.brain-bican.org/ontology/mbao/MBA_839	https://orcid.org/0000-0002-6601-2165
https://purl.brain-bican.org/ontology/mbao/MBA_840	https://orcid.org/0000-0002-6601-2165
https://purl.brain-bican.org/ontology/mbao/MBA_841	https://orcid.org/0000-0002-6601-2165
https://purl.brain-bican.org/ontology/mbao/MBA_842	https://orcid.org/0000-0002-6601-2165
https://purl.brain-bican.org/ontology/mbao/MBA_843	https://orcid.org/0000-0002-6601-2165
https://purl.brain-bican.org/ontology/mbao/MBA_846	https://orcid.org/0000-0002-6601-2165
https://purl.brain-bican.org/ontology/mbao/MBA_848	https://orcid.org/0000-0002-6601-2165
https://purl.brain-bican.org/ontology/mbao/MBA_85	https://orcid.org/0000-0002-6601-2165
https://purl.brain-bican.org/ontology/mbao/MBA_851	https://orcid.org/0000-0002-6601-2165
https://purl.brain-bican.org/ontology/mbao/MBA_852	https://orcid.org/0000-0002-6601-2165
https://purl.brain-bican.org/ontology/mbao/MBA_858	https://orcid.org/0000-0002-6601-2165
https://purl.brain-bican.org/ontology/mbao/MBA_859	https://orcid.org/0000-0002-6601-2165
https://purl.brain-bican.org/ontology/mbao/MBA_863	https://orcid.org/0000-0002-6601-2165
https://purl.brain-bican.org/ontology/mbao/MBA_866	https://orcid.org/0000-0002-6601-2165
https://purl.brain-bican.org/ontology/mbao/MBA_867	https://orcid.org/0000-0002-6601-2165
https://purl.brain-bican.org/ontology/mbao/MBA_869	https://orcid.org/0000-0002-6601-2165
https://purl.brain-bican.org/ontology/mbao/MBA_871	https://orcid.org/0000-0002-6601-2165
https://purl.brain-bican.org/ontology/mbao/MBA_872	https://orcid.org/0000-0002-6601-2165
https://purl.brain-bican.org/ontology/mbao/MBA_874	https://orcid.org/0000-0002-6601-2165
https://purl.brain-bican.org/ontology/mbao/MBA_876	https://orcid.org/0000-0002-6601-2165
https://purl.brain-bican.org/ontology/mbao/MBA_877	https://orcid.org/0000-0002-6601-2165
https://purl.brain-bican.org/ontology/mbao/MBA_88	https://orcid.org/0000-0002-6601-2165
https://purl.brain-bican.org/ontology/mbao/MBA_880	https://orcid.org/0000-0002-6601-2165
https://purl.brain-bican.org/ontology/mbao/MBA_881	https://orcid.org/0000-0002-6601-2165
https://purl.brain-bican.org/ontology/mbao/MBA_885	https://orcid.org/0000-0002-6601-2165
https://purl.brain-bican.org/ontology/mbao/MBA_890	https://orcid.org/0000-0002-6601-2165
https://purl.brain-bican.org/ontology/mbao/MBA_892	https://orcid.org/0000-0002-6601-2165
https://purl.brain-bican.org/ontology/mbao/MBA_898	https://orcid.org/0000-0002-6601-2165
https://purl.brain-bican.org/ontology/mbao/MBA_90	https://orcid.org/0000-0002-6601-2165
https://purl.brain-bican.org/ontology/mbao/MBA_900	https://orcid.org/0000-0002-6601-2165
https://purl.brain-bican.org/ontology/mbao/MBA_901	https://orcid.org/0000-0002-6601-2165
https://purl.brain-bican.org/ontology/mbao/MBA_903	https://orcid.org/0000-0002-6601-2165
https://purl.brain-bican.org/ontology/mbao/MBA_904	https://orcid.org/0000-0002-6601-2165
https://purl.brain-bican.org/ontology/mbao/MBA_907	https://orcid.org/0000-0002-6601-2165
https://purl.brain-bican.org/ontology/mbao/MBA_909	https://orcid.org/0000-0002-6601-2165
https://purl.brain-bican.org/ontology/mbao/MBA_911	https://orcid.org/0000-0002-6601-2165
https://purl.brain-bican.org/ontology/mbao/MBA_912	https://orcid.org/0000-0002-6601-2165
https://purl.brain-bican.org/ontology/mbao/MBA_916	https://orcid.org/0000-0002-6601-2165
https://purl.brain-bican.org/ontology/mbao/MBA_917	https://orcid.org/0000-0002-6601-2165
https://purl.brain-bican.org/ontology/mbao/MBA_918	https://orcid.org/0000-0002-6601-2165
https://purl.brain-bican.org/ontology/mbao/MBA_920	https://orcid.org/0000-0002-6601-2165
https://purl.brain-bican.org/ontology/mbao/MBA_922	https://orcid.org/0000-0002-6601-2165
https://purl.brain-bican.org/ontology/mbao/MBA_924	https://orcid.org/0000-0002-6601-2165
https://purl.brain-bican.org/ontology/mbao/MBA_926	https://orcid.org/0000-0002-6601-2165
https://purl.brain-bican.org/ontology/mbao/MBA_928	https://orcid.org/0000-0002-6601-2165
https://purl.brain-bican.org/ontology/mbao/MBA_93	https://orcid.org/0000-0002-6601-2165
https://purl.brain-bican.org/ontology/mbao/MBA_930	https://orcid.org/0000-0002-6601-2165
https://purl.brain-bican.org/ontology/mbao/MBA_931	https://orcid.org/0000-0002-6601-2165
https://purl.brain-bican.org/ontology/mbao/MBA_933	https://orcid.org/0000-0002-6601-2165
https://purl.brain-bican.org/ontology/mbao/MBA_938	https://orcid.org/0000-0002-6601-2165
https://purl.brain-bican.org/ontology/mbao/MBA_94	https://orcid.org/0000-0002-6601-2165
https://purl.brain-bican.org/ontology/mbao/MBA_940	https://orcid.org/0000-0002-6601-2165
https://purl.brain-bican.org/ontology/mbao/MBA_941	https://orcid.org/0000-0002-6601-2165
https://purl.brain-bican.org/ontology/mbao/MBA_942	https://orcid.org/0000-0002-6601-2165
https://purl.brain-bican.org/ontology/mbao/MBA_944	https://orcid.org/0000-0002-6601-2165
https://purl.brain-bican.org/ontology/mbao/MBA_946	https://orcid.org/0000-0002-6601-2165
https://purl.brain-bican.org/ontology/mbao/MBA_948	https://orcid.org/0000-0002-6601-2165
https://purl.brain-bican.org/ontology/mbao/MBA_95	https://orcid.org/0000-0002-6601-2165
https://purl.brain-bican.org/ontology/mbao/MBA_953	https://orcid.org/0000-0002-6601-2165
https://purl.brain-bican.org/ontology/mbao/MBA_958	https://orcid.org/0000-0002-6601-2165
https://purl.brain-bican.org/ontology/mbao/MBA_96	https://orcid.org/0000-0002-6601-2165
https://purl.brain-bican.org/ontology/mbao/MBA_967	https://orcid.org/0000-0002-6601-2165
https://purl.brain-bican.org/ontology/mbao/MBA_970	https://orcid.org/0000-0002-6601-2165
https://purl.brain-bican.org/ontology/mbao/MBA_975	https://orcid.org/0000-0002-6601-2165
https://purl.brain-bican.org/ontology/mbao/MBA_978	https://orcid.org/0000-0002-6601-2165
https://purl.brain-bican.org/ontology/mbao/MBA_979	https://orcid.org/0000-0002-6601-2165
https://purl.brain-bican.org/ontology/mbao/MBA_980	https://orcid.org/0000-0002-6601-2165
https://purl.brain-bican.org/ontology/mbao/MBA_981	https://orcid.org/0000-0002-6601-2165
https://purl.brain-bican.org/ontology/mbao/MBA_985	https://orcid.org/0000-0002-6601-2165
https://purl.brain-bican.org/ontology/mbao/MBA_986	https://orcid.org/0000-0002-6601-2165
https://purl.brain-bican.org/ontology/mbao/MBA_989	https://orcid.org/0000-0002-6601-2165
https://purl.brain-bican.org/ontology/mbao/MBA_99	https://orcid.org/0000-0002-6601-2165
https://purl.brain-bican.org/ontology/mbao/MBA_993	https://orcid.org/0000-0002-6601-2165
https://purl.brain-bican.org/ontology/mbao/MBA_994	https://orcid.org/0000-0002-6601-2165
https://purl.brain-bican.org/ontology/mbao/MBA_995	https://orcid.org/0000-0002-6601-2165
https://purl.brain-bican.org/ontology/mbao/MBA_997	https://orcid.org/0000-0002-6601-2165
https://purl.brain-bican.org/ontology/mbao/MBA_998	https://orcid.org/0000-0002-6601-2165
https://purl.brain-bican.org/ontology/mbao/MBA_1001	https://orcid.org/0000-0002-6601-2165
https://purl.brain-bican.org/ontology/mbao/MBA_936	https://orcid.org/0000-0002-6601-2165
https://purl.brain-bican.org/ontology/mbao/MBA_951	https://orcid.org/0000-0002-6601-2165
https://purl.brain-bican.org/ontology/mbao/MBA_154	https://orcid.org/0000-0002-6601-2165
https://purl.brain-bican.org/ontology/mbao/MBA_576	https://orcid.org/0000-0002-6601-2165
https://purl.brain-bican.org/ontology/mbao/MBA_490	https://orcid.org/0000-0002-6601-2165
https://purl.brain-bican.org/ontology/mbao/MBA_623	https://orcid.org/0000-0002-6601-2165
https://purl.brain-bican.org/ontology/mbao/MBA_814	https://orcid.org/0000-0002-6601-2165
https://purl.brain-bican.org/ontology/mbao/MBA_640	https://orcid.org/0000-0002-6601-2165
https://purl.brain-bican.org/ontology/mbao/MBA_982	https://orcid.org/0000-0002-6601-2165
https://purl.brain-bican.org/ontology/mbao/MBA_428	https://orcid.org/0000-0002-6601-2165
https://purl.brain-bican.org/ontology/mbao/MBA_1069	https://orcid.org/0000-0002-6601-2165
https://purl.brain-bican.org/ontology/mbao/MBA_185	https://orcid.org/0000-0002-6601-2165
https://purl.brain-bican.org/ontology/mbao/MBA_193	https://orcid.org/0000-0002-6601-2165
https://purl.brain-bican.org/ontology/mbao/MBA_30	https://orcid.org/0000-0002-6601-2165
https://purl.brain-bican.org/ontology/mbao/MBA_118	https://orcid.org/0000-0002-6601-2165
https://purl.brain-bican.org/ontology/mbao/MBA_788	https://orcid.org/0000-0002-6601-2165
https://purl.brain-bican.org/ontology/mbao/MBA_972	https://orcid.org/0000-0002-6601-2165
https://purl.brain-bican.org/ontology/mbao/MBA_221	https://orcid.org/0000-0002-6601-2165
https://purl.brain-bican.org/ontology/mbao/MBA_278	https://orcid.org/0000-0002-6601-2165
https://purl.brain-bican.org/ontology/mbao/MBA_358	https://orcid.org/0000-0002-6601-2165
https://purl.brain-bican.org/ontology/mbao/MBA_534	https://orcid.org/0000-0002-6601-2165
https://purl.brain-bican.org/ontology/mbao/MBA_689	https://orcid.org/0000-0002-6601-2165
https://purl.brain-bican.org/ontology/mbao/MBA_677	https://orcid.org/0000-0002-6601-2165
https://purl.brain-bican.org/ontology/mbao/MBA_957	https://orcid.org/0000-0002-6601-2165
https://purl.brain-bican.org/ontology/mbao/MBA_968	https://orcid.org/0000-0002-6601-2165
https://purl.brain-bican.org/ontology/mbao/MBA_566	https://orcid.org/0000-0002-6601-2165
https://purl.brain-bican.org/ontology/mbao/MBA_307	https://orcid.org/0000-0002-6601-2165
https://purl.brain-bican.org/ontology/mbao/MBA_541	https://orcid.org/0000-0002-6601-2165
https://purl.brain-bican.org/ontology/mbao/MBA_91	https://orcid.org/0000-0002-6601-2165
https://purl.brain-bican.org/ontology/mbao/MBA_283	https://orcid.org/0000-0002-6601-2165
https://purl.brain-bican.org/ontology/mbao/MBA_44	https://orcid.org/0000-0002-6601-2165
https://purl.brain-bican.org/ontology/mbao/MBA_190	https://orcid.org/0000-0002-6601-2165
https://purl.brain-bican.org/ontology/mbao/MBA_500	https://orcid.org/0000-0002-6601-2165
https://purl.brain-bican.org/ontology/mbao/MBA_1057	https://orcid.org/0000-0002-6601-2165
https://purl.brain-bican.org/ontology/mbao/MBA_1078	https://orcid.org/0000-0002-6601-2165
https://purl.brain-bican.org/ontology/mbao/MBA_599626923	https://orcid.org/0000-0002-6601-2165
https://purl.brain-bican.org/ontology/mbao/MBA_690	https://orcid.org/0000-0002-6601-2165
https://purl.brain-bican.org/ontology/mbao/MBA_976	https://orcid.org/0000-0002-6601-2165
https://purl.brain-bican.org/ontology/mbao/MBA_984	https://orcid.org/0000-0002-6601-2165
https://purl.brain-bican.org/ontology/mbao/MBA_1099	https://orcid.org/0000-0002-6601-2165
https://purl.brain-bican.org/ontology/mbao/MBA_1024	https://orcid.org/0000-0002-6601-2165
https://purl.brain-bican.org/ontology/mbao/MBA_1009	https://orcid.org/0000-0002-6601-2165
https://purl.brain-bican.org/ontology/mbao/MBA_76	https://orcid.org/0000-0002-6601-2165
https://purl.brain-bican.org/ontology/mbao/MBA_433	https://orcid.org/0000-0002-6601-2165
https://purl.brain-bican.org/ontology/mbao/MBA_678	https://orcid.org/0000-0002-6601-2165
https://purl.brain-bican.org/ontology/mbao/MBA_312782616	https://orcid.org/0000-0002-6601-2165
https://purl.brain-bican.org/ontology/mbao/MBA_312782628	https://orcid.org/0000-0002-6601-2165
https://purl.brain-bican.org/ontology/mbao/MBA_312782640	https://orcid.org/0000-0002-6601-2165
